,Sep 2021,Dec 2021,Mar 2022,Jun 2022,Sep 2022,Dec 2022,Mar 2023,Jun 2023,Sep 2023,Dec 2023,Mar 2024,Jun 2024,Sep 2024,Ticker,Mar 2020,Jun 2020,Sep 2020,Dec 2020,Mar 2021,Jun 2021
Sales +,"1,295","1,400","1,461","1,635","1,584","1,971","2,598","2,162","2,220","2,311","2,527","2,835","3,055",ADANIGREEN,,,,,,
Expenses +,525,357,489,687,718,"1,118",334,81,521,645,676,392,850,ADANIGREEN,,,,,,
Operating Profit,770,"1,043",972,948,866,853,"2,264","2,081","1,699","1,666","1,851","2,443","2,205",ADANIGREEN,,,,,,
OPM %,59%,74%,67%,58%,55%,43%,87%,96%,77%,72%,73%,86%,72%,ADANIGREEN,,,,,,
Other Income +,115,71,111,66,100,216,265,178,353,264,199,219,224,ADANIGREEN,,,,,,
Interest,613,813,667,458,498,617,"1,338","1,393","1,165","1,242","1,206","1,440","1,369",ADANIGREEN,,,,,,
Depreciation,164,260,274,280,298,330,392,451,474,481,497,593,618,ADANIGREEN,,,,,,
Profit before tax,108,41,142,276,170,122,799,415,413,207,347,629,442,ADANIGREEN,,,,,,
Tax %,7%,-17%,15%,21%,14%,52%,38%,34%,29%,33%,24%,29%,6%,ADANIGREEN,,,,,,
Net Profit +,100,49,121,214,149,103,507,323,371,256,310,629,515,ADANIGREEN,,,,,,
EPS in Rs,0.64,0.31,0.77,1.35,0.94,0.65,3.21,2.03,2.35,1.62,0.95,2.82,1.74,ADANIGREEN,,,,,,
Raw PDF,,,,,,,,,,,,,,ADANIGREEN,,,,,,
Sales +,"3,923","4,072","4,141","5,058","5,211","4,786","5,797","6,248","6,646","6,920","6,896","7,560","7,067",ADANIPORTS,,,,,,
Expenses +,"1,390","1,473","2,084","2,969","2,320","2,090","2,526","2,558","2,982","2,724","2,902","2,820","2,832",ADANIPORTS,,,,,,
Operating Profit,"2,533","2,599","2,057","2,089","2,891","2,696","3,271","3,689","3,664","4,196","3,995","4,739","4,235",ADANIPORTS,,,,,,
OPM %,65%,64%,50%,41%,55%,56%,56%,59%,55%,61%,58%,63%,60%,ADANIPORTS,,,,,,
Other Income +,164,656,608,486,441,285,-885,384,351,507,-70,349,254,ADANIPORTS,,,,,,
Interest,649,668,649,629,577,534,623,633,520,976,604,484,527,ADANIPORTS,,,,,,
Depreciation,783,784,764,840,854,884,846,950,974,985,979,"1,012","1,077",ADANIPORTS,,,,,,
Profit before tax,"1,265","1,804","1,252","1,105","1,900","1,564",917,"2,491","2,521","2,741","2,341","3,593","2,885",ADANIPORTS,,,,,,
Tax %,17%,15%,11%,-7%,9%,15%,-24%,15%,30%,19%,14%,14%,16%,ADANIPORTS,,,,,,
Net Profit +,"1,050","1,535","1,112","1,177","1,738","1,337","1,139","2,119","1,762","2,208","2,015","3,107","2,413",ADANIPORTS,,,,,,
EPS in Rs,4.87,7.67,5.22,5.48,7.94,6.09,5.36,9.79,8.09,10.22,9.44,14.41,11.32,ADANIPORTS,,,,,,
Raw PDF,,,,,,,,,,,,,,ADANIPORTS,,,,,,
Sales +,"6,647","7,625","7,900","8,033","7,143","7,907","7,966","8,713","7,424","8,129","8,894","8,311","7,516",AMBUJACEM,,,,,,
Expenses +,"5,231","6,497","6,476","6,922","6,809","6,885","6,727","7,046","6,122","6,397","7,195","7,032","6,405",AMBUJACEM,,,,,,
Operating Profit,"1,416","1,128","1,424","1,111",334,"1,021","1,239","1,667","1,302","1,732","1,699","1,280","1,111",AMBUJACEM,,,,,,
OPM %,21%,15%,18%,14%,5%,13%,16%,19%,18%,21%,19%,15%,15%,AMBUJACEM,,,,,,
Other Income +,98,-31,97,143,75,-18,142,268,480,204,448,358,220,AMBUJACEM,,,,,,
Interest,36,38,32,40,41,43,39,52,61,70,93,68,67,AMBUJACEM,,,,,,
Depreciation,276,330,306,319,331,337,352,372,381,418,453,476,552,AMBUJACEM,,,,,,
Profit before tax,"1,201",728,"1,183",895,39,623,989,"1,512","1,340","1,448","1,601","1,094",713,AMBUJACEM,,,,,,
Tax %,26%,41%,28%,3%,-33%,22%,23%,25%,26%,25%,5%,28%,34%,AMBUJACEM,,,,,,
Net Profit +,891,431,856,865,51,488,763,"1,135",987,"1,090","1,526",783,473,AMBUJACEM,,,,,,
EPS in Rs,3.35,1.46,3.32,3.79,0.47,2.19,3.25,4.56,3.99,4.15,4.80,2.60,1.85,AMBUJACEM,,,,,,
Raw PDF,,,,,,,,,,,,,,AMBUJACEM,,,,,,
Sales +,"3,717","3,639","3,546","3,796","4,251","4,264","4,302","4,418","4,847","4,851","4,944","5,086","5,589",APOLLOHOSP,,,,,,
Expenses +,"3,102","3,052","3,083","3,317","3,699","3,780","3,814","3,909","4,219","4,237","4,303","4,410","4,774",APOLLOHOSP,,,,,,
Operating Profit,615,587,463,479,552,484,488,509,628,614,640,675,816,APOLLOHOSP,,,,,,
OPM %,17%,16%,13%,13%,13%,11%,11%,12%,13%,13%,13%,13%,15%,APOLLOHOSP,,,,,,
Other Income +,8,23,34,16,23,35,20,34,26,29,37,49,44,APOLLOHOSP,,,,,,
Interest,95,94,95,93,93,100,95,106,111,113,119,116,118,APOLLOHOSP,,,,,,
Depreciation,145,149,166,148,155,153,159,167,163,167,190,177,184,APOLLOHOSP,,,,,,
Profit before tax,383,367,236,254,327,266,254,270,379,363,368,430,557,APOLLOHOSP,,,,,,
Tax %,30%,34%,59%,-27%,35%,39%,43%,36%,34%,30%,30%,27%,29%,APOLLOHOSP,,,,,,
Net Profit +,267,243,97,324,213,162,146,173,249,254,258,316,396,APOLLOHOSP,,,,,,
EPS in Rs,17.24,15.88,6.27,22.06,14.19,10.68,10.05,11.59,16.20,17.06,17.65,21.23,26.34,APOLLOHOSP,,,,,,
Raw PDF,,,,,,,,,,,,,,APOLLOHOSP,,,,,,
Sales +,"7,096","8,527","7,893","8,607","8,458","8,637","8,787","9,182","8,479","9,103","8,731","8,970","8,028",ASIANPAINT,,,,,,
Expenses +,"6,192","6,985","6,449","7,051","7,230","7,025","6,923","7,061","6,762","7,047","7,039","7,276","6,788",ASIANPAINT,,,,,,
Operating Profit,904,"1,542","1,443","1,556","1,228","1,611","1,865","2,121","1,716","2,056","1,691","1,694","1,240",ASIANPAINT,,,,,,
OPM %,13%,18%,18%,18%,15%,19%,21%,23%,20%,23%,19%,19%,15%,ASIANPAINT,,,,,,
Other Income +,148,87,-26,88,118,122,104,228,194,186,212,193,25,ASIANPAINT,,,,,,
Interest,24,27,23,29,35,41,39,46,51,54,54,55,63,ASIANPAINT,,,,,,
Depreciation,203,208,205,208,216,214,220,198,209,220,226,228,242,ASIANPAINT,,,,,,
Profit before tax,826,"1,394","1,189","1,407","1,094","1,478","1,710","2,105","1,651","1,968","1,624","1,604",959,ASIANPAINT,,,,,,
Tax %,27%,26%,26%,26%,27%,26%,26%,25%,25%,25%,21%,26%,28%,ASIANPAINT,,,,,,
Net Profit +,605,"1,031",874,"1,036",804,"1,097","1,258","1,575","1,232","1,475","1,275","1,187",694,ASIANPAINT,,,,,,
EPS in Rs,6.21,10.59,8.87,10.60,8.16,11.18,12.87,16.16,12.57,15.09,13.10,12.20,7.24,ASIANPAINT,,,,,,
Raw PDF,,,,,,,,,,,,,,ASIANPAINT,,,,,,
Revenue,"16,683","17,653","18,209","19,193","20,783","22,843","24,630","26,246","27,418","28,865","30,231","31,159","31,601",AXISBANK,,,,,,
Interest,"8,598","8,795","9,162","9,565","10,150","11,094","12,580","13,972","14,749","15,943","16,727","17,261","17,615",AXISBANK,,,,,,
Expenses +,"7,827","7,994","7,936","7,168","7,450","8,577","8,101","9,731","10,059","10,506","11,124","11,892","12,412",AXISBANK,,,,,,
Financing Profit,258,864,"1,111","2,460","3,182","3,171","3,948","2,543","2,609","2,416","2,379","2,006","1,575",AXISBANK,,,,,,
Financing Margin %,2%,5%,6%,13%,15%,14%,16%,10%,10%,8%,8%,6%,5%,AXISBANK,,,,,,
Other Income +,"4,284","4,438","4,792","3,423","4,390","5,148","-7,101","5,648","5,705","6,272","7,606","6,637","7,603",AXISBANK,,,,,,
Depreciation,0,0,0,0,0,0,0,0,0,0,0,0,0,AXISBANK,,,,,,
Profit before tax,"4,542","5,301","5,903","5,883","7,573","8,319","-3,153","8,192","8,314","8,688","9,985","8,643","9,177",AXISBANK,,,,,,
Tax %,26%,25%,25%,25%,26%,25%,70%,26%,25%,25%,24%,25%,19%,AXISBANK,,,,,,
Net Profit +,"3,406","3,983","4,444","4,402","5,636","6,215","-5,334","6,113","6,230","6,520","7,630","6,467","7,436",AXISBANK,,,,,,
EPS in Rs,11.05,12.90,14.39,14.26,18.27,20.12,-17.43,19.78,20.13,21.05,24.62,20.83,23.93,AXISBANK,,,,,,
Gross NPA %,,,,,,,,,,,,,,AXISBANK,,,,,,
Net NPA %,,,,,,,,,,,,,,AXISBANK,,,,,,
Raw PDF,,,,,,,,,,,,,,AXISBANK,,,,,,
Sales +,"18,008","17,587","18,862","15,888","20,803","21,755","23,625","23,280","26,023","29,038","32,041","31,480","33,704",BAJAJFINSV,,,,,,
Expenses +,"12,696","11,783","12,769","9,573","13,416","13,924","15,470","13,935","16,073","18,601","21,108","19,655","21,420",BAJAJFINSV,,,,,,
Operating Profit,"5,312","5,804","6,093","6,315","7,387","7,831","8,154","9,345","9,950","10,438","10,933","11,825","12,283",BAJAJFINSV,,,,,,
OPM %,30%,33%,32%,40%,36%,36%,35%,40%,38%,36%,34%,38%,36%,BAJAJFINSV,,,,,,
Other Income +,0,33,0,0,0,0,2,3,0,2,4,3,3,BAJAJFINSV,,,,,,
Interest,"2,382","2,445","2,481","2,564","2,961","3,241","3,436","4,020","4,449","4,777","5,154","5,592","6,046",BAJAJFINSV,,,,,,
Depreciation,138,143,149,157,168,172,181,202,209,232,257,267,275,BAJAJFINSV,,,,,,
Profit before tax,"2,792","3,249","3,462","3,594","4,258","4,419","4,540","5,125","5,292","5,431","5,527","5,968","5,966",BAJAJFINSV,,,,,,
Tax %,28%,28%,27%,28%,30%,25%,27%,28%,29%,26%,26%,29%,30%,BAJAJFINSV,,,,,,
Net Profit +,"1,998","2,349","2,534","2,578","2,997","3,300","3,335","3,709","3,756","4,045","4,085","4,209","4,180",BAJAJFINSV,,,,,,
EPS in Rs,7.05,7.89,8.46,8.23,9.77,11.19,11.11,12.20,12.09,13.52,13.28,13.39,13.07,BAJAJFINSV,,,,,,
Raw PDF,,,,,,,,,,,,,,BAJAJFINSV,,,,,,
Revenue,"7,731","8,537","8,626","9,284","9,970","10,787","11,364","12,498","13,382","14,164","14,926","16,099","17,090",BAJFINANCE,,,,,,
Interest,"2,398","2,535","2,568","2,645","2,972","3,351","3,592","4,103","4,537","4,868","5,217","5,684","6,149",BAJFINANCE,,,,,,
Expenses +,"3,236","3,040","2,691","3,026","3,129","3,308","3,382","3,693","3,931","4,229","4,420","4,956","5,338",BAJFINANCE,,,,,,
Financing Profit,"2,098","2,962","3,367","3,613","3,869","4,129","4,390","4,703","4,914","5,066","5,289","5,459","5,603",BAJFINANCE,,,,,,
Financing Margin %,27%,35%,39%,39%,39%,38%,39%,38%,37%,36%,35%,34%,33%,BAJFINANCE,,,,,,
Other Income +,1,2,3,2,4,2,5,5,2,5,9,6,9,BAJFINANCE,,,,,,
Depreciation,95,97,104,111,121,119,134,156,159,176,193,200,210,BAJFINANCE,,,,,,
Profit before tax,"2,004","2,868","3,265","3,503","3,752","4,012","4,261","4,551","4,758","4,896","5,105","5,265","5,401",BAJFINANCE,,,,,,
Tax %,26%,26%,26%,26%,26%,26%,26%,24%,25%,26%,25%,26%,26%,BAJFINANCE,,,,,,
Net Profit +,"1,481","2,125","2,420","2,596","2,781","2,973","3,158","3,437","3,551","3,639","3,825","3,912","4,014",BAJFINANCE,,,,,,
EPS in Rs,24.54,35.21,39.96,42.88,45.93,49.11,52.16,56.72,58.60,58.88,61.79,63.20,64.62,BAJFINANCE,,,,,,
Gross NPA %,2.45%,1.73%,1.60%,1.25%,1.17%,1.14%,0.94%,0.87%,0.91%,0.95%,0.85%,0.86%,1.06%,BAJFINANCE,,,,,,
Net NPA %,1.10%,0.78%,0.68%,0.51%,0.44%,0.41%,0.34%,0.31%,0.31%,0.37%,0.37%,0.38%,0.46%,BAJFINANCE,,,,,,
Raw PDF,,,,,,,,,,,,,,BAJFINANCE,,,,,,
Sales +,"28,326","29,867","31,500","32,805","34,527","35,804","36,009","37,440","37,044","37,900","37,599","38,506","41,473",BHARTIARTL,,,,,,
Expenses +,"14,516","15,164","15,460","16,275","16,933","17,720","17,312","17,842","17,530","18,085","18,234","18,799","19,627",BHARTIARTL,,,,,,
Operating Profit,"13,810","14,703","16,040","16,529","17,594","18,085","18,697","19,598","19,514","19,815","19,365","19,708","21,846",BHARTIARTL,,,,,,
OPM %,49%,49%,51%,50%,51%,51%,52%,52%,53%,52%,52%,51%,53%,BHARTIARTL,,,,,,
Other Income +,"1,430",853,"1,638",355,559,-412,886,"-2,478",-654,"1,013","-1,308","2,010",475,BHARTIARTL,,,,,,
Interest,"3,964","4,367","4,059","4,511","4,940","4,686","5,163","5,614","5,186","6,645","5,203","5,152","5,424",BHARTIARTL,,,,,,
Depreciation,"8,247","8,547","8,583","8,781","8,947","9,298","9,406","9,654","9,734","10,074","10,075","10,540","11,000",BHARTIARTL,,,,,,
Profit before tax,"3,029","2,642","5,037","3,592","4,265","3,689","5,014","1,853","3,940","4,108","2,778","6,025","5,897",BHARTIARTL,,,,,,
Tax %,34%,38%,26%,31%,30%,29%,16%,18%,47%,30%,26%,22%,30%,BHARTIARTL,,,,,,
Net Profit +,"1,998","1,651","3,715","2,469","2,979","2,614","4,226","1,520","2,093","2,876","2,068","4,718","4,153",BHARTIARTL,,,,,,
EPS in Rs,1.93,1.41,3.41,2.73,3.86,2.85,5.39,2.89,2.39,4.34,3.66,7.31,6.31,BHARTIARTL,,,,,,
Raw PDF,,,,,,,,,,,,,,BHARTIARTL,,,,,,
Sales +,"76,439","95,121","104,080","121,082","114,820","119,170","118,115","112,985","103,044","115,499","116,555","113,095","102,785",BPCL,,,,,,
Expenses +,"71,474","90,019","98,126","126,906","113,406","114,957","107,031","97,200","90,104","109,300","107,600","107,468","98,268",BPCL,,,,,,
Operating Profit,"4,965","5,102","5,954","-5,824","1,415","4,213","11,085","15,785","12,941","6,199","8,955","5,627","4,517",BPCL,,,,,,
OPM %,6%,5%,6%,-5%,1%,4%,9%,14%,13%,5%,8%,5%,4%,BPCL,,,,,,
Other Income +,"1,131",688,"1,131",615,673,415,523,"1,003",911,919,403,807,"1,278",BPCL,,,,,,
Interest,611,660,752,710,937,"1,128","1,148","1,071","1,190",920,967,889,923,BPCL,,,,,,
Depreciation,"1,349","1,394","1,603","1,617","1,561","1,586","1,605","1,614","1,605","1,830","1,722","1,686","1,779",BPCL,,,,,,
Profit before tax,"4,136","3,737","4,730","-7,537",-410,"1,913","8,854","14,103","11,056","4,367","6,669","3,859","3,094",BPCL,,,,,,
Tax %,23%,26%,41%,-18%,-17%,9%,22%,25%,25%,27%,28%,26%,26%,BPCL,,,,,,
Net Profit +,"3,201","2,759","2,803","-6,148",-338,"1,747","6,870","10,644","8,244","3,181","4,790","2,842","2,297",BPCL,,,,,,
EPS in Rs,7.38,6.36,6.46,-14.17,-0.78,4.03,15.84,24.53,19.00,7.33,11.04,6.55,5.29,BPCL,,,,,,
Raw PDF,,,,,,,,,,,,,,BPCL,,,,,,
Sales +,"3,607","3,575","3,550","3,701","4,380","4,197","4,023","4,011","4,433","4,256","4,069","4,250","4,668",BRITANNIA,,,,,,
Expenses +,"3,049","3,036","3,001","3,200","3,668","3,379","3,222","3,322","3,562","3,437","3,286","3,497","3,888",BRITANNIA,,,,,,
Operating Profit,558,539,550,501,712,818,801,689,871,820,784,753,780,BRITANNIA,,,,,,
OPM %,15%,15%,15%,14%,16%,19%,20%,17%,20%,19%,19%,18%,17%,BRITANNIA,,,,,,
Other Income +,54,54,54,56,53,428,60,57,52,48,57,31,46,BRITANNIA,,,,,,
Interest,39,37,34,42,54,38,35,53,53,31,26,29,35,BRITANNIA,,,,,,
Depreciation,50,50,51,51,52,58,65,71,72,78,80,74,76,BRITANNIA,,,,,,
Profit before tax,523,505,519,463,659,"1,149",761,622,799,758,735,681,715,BRITANNIA,,,,,,
Tax %,27%,27%,27%,28%,26%,19%,27%,27%,27%,27%,27%,26%,26%,BRITANNIA,,,,,,
Net Profit +,382,369,378,336,491,932,558,455,586,556,537,505,532,BRITANNIA,,,,,,
EPS in Rs,15.95,15.41,15.77,14.01,20.48,38.71,23.19,19.00,24.39,23.10,22.35,20.99,22.06,BRITANNIA,,,,,,
Raw PDF,,,,,,,,,,,,,,BRITANNIA,,,,,,
Sales +,"5,520","5,479","5,260","5,375","5,829","5,810","5,739","6,329","6,678","6,604","6,163","6,694","7,051",CIPLA,,,,,,
Expenses +,"4,294","4,248","4,511","4,232","4,526","4,403","4,566","4,835","4,944","4,856","4,847","4,978","5,165",CIPLA,,,,,,
Operating Profit,"1,226","1,231",750,"1,143","1,302","1,408","1,174","1,494","1,734","1,748","1,316","1,716","1,886",CIPLA,,,,,,
OPM %,22%,22%,14%,21%,22%,24%,20%,24%,26%,26%,21%,26%,27%,CIPLA,,,,,,
Other Income +,61,91,7,103,123,114,-48,136,176,-10,249,160,191,CIPLA,,,,,,
Interest,38,21,18,18,26,32,34,16,26,30,18,18,15,CIPLA,,,,,,
Depreciation,253,247,290,254,299,272,346,239,290,233,288,247,272,CIPLA,,,,,,
Profit before tax,996,"1,054",448,975,"1,100","1,218",745,"1,375","1,594","1,474","1,259","1,611","1,789",CIPLA,,,,,,
Tax %,28%,28%,16%,28%,28%,34%,30%,28%,28%,28%,26%,27%,27%,CIPLA,,,,,,
Net Profit +,709,757,371,706,797,808,522,998,"1,155","1,068",932,"1,175","1,305",CIPLA,,,,,,
EPS in Rs,8.82,9.03,4.49,8.51,9.78,9.92,6.51,12.33,14.01,13.08,11.63,14.58,16.13,CIPLA,,,,,,
Raw PDF,,,,,,,,,,,,,,CIPLA,,,,,,
Sales +,"1,988","2,493","2,518","2,255","1,855","1,708","1,951","1,778","1,909","1,855","2,303","2,118","2,338",DIVISLAB,,,,,,
Expenses +,"1,169","1,396","1,414","1,406","1,234","1,299","1,464","1,274","1,430","1,366","1,572","1,496","1,622",DIVISLAB,,,,,,
Operating Profit,818,"1,097","1,104",849,621,409,487,504,479,489,731,622,716,DIVISLAB,,,,,,
OPM %,41%,44%,44%,38%,33%,24%,25%,28%,25%,26%,32%,29%,31%,DIVISLAB,,,,,,
Other Income +,19,17,52,88,80,113,66,81,86,95,79,79,106,DIVISLAB,,,,,,
Interest,0,0,0,0,0,0,0,0,1,0,2,0,1,DIVISLAB,,,,,,
Depreciation,77,80,81,85,86,87,87,93,95,95,95,97,99,DIVISLAB,,,,,,
Profit before tax,760,"1,034","1,076",852,615,435,466,492,469,489,713,604,722,DIVISLAB,,,,,,
Tax %,20%,13%,17%,18%,20%,30%,31%,28%,26%,27%,25%,29%,29%,DIVISLAB,,,,,,
Net Profit +,606,902,895,702,493,306,321,356,348,358,538,430,510,DIVISLAB,,,,,,
EPS in Rs,22.84,33.99,33.70,26.44,18.57,11.53,12.09,13.41,13.11,13.49,20.27,16.20,19.21,DIVISLAB,,,,,,
Raw PDF,,,,,,,,,,,,,,DIVISLAB,,,,,,
Sales +,"5,787","5,338","5,475","5,233","6,332","6,790","6,315","6,758","6,903","7,237","7,114","7,696","8,038",DRREDDY,,,,,,
Expenses +,"4,427","4,123","5,024","4,292","4,433","4,851","4,781","4,696","4,894","5,214","5,283","5,566","5,962",DRREDDY,,,,,,
Operating Profit,"1,360","1,216",451,941,"1,899","1,939","1,534","2,062","2,008","2,023","1,831","2,130","2,076",DRREDDY,,,,,,
OPM %,24%,23%,8%,18%,30%,29%,24%,31%,29%,28%,26%,28%,26%,DRREDDY,,,,,,
Other Income +,230,74,132,863,55,65,146,178,319,219,201,193,314,DRREDDY,,,,,,
Interest,23,22,32,35,31,42,35,37,35,39,59,60,76,DRREDDY,,,,,,
Depreciation,294,294,293,302,309,324,316,353,376,374,368,381,397,DRREDDY,,,,,,
Profit before tax,"1,272",974,259,"1,468","1,614","1,638","1,329","1,850","1,917","1,829","1,605","1,883","1,917",DRREDDY,,,,,,
Tax %,22%,27%,63%,19%,31%,24%,28%,24%,23%,24%,18%,26%,30%,DRREDDY,,,,,,
Net Profit +,996,709,97,"1,189","1,114","1,244",960,"1,405","1,482","1,381","1,310","1,392","1,342",DRREDDY,,,,,,
EPS in Rs,11.97,8.52,1.17,14.29,13.39,14.94,11.53,16.87,17.77,16.56,15.70,16.69,15.05,DRREDDY,,,,,,
Raw PDF,,,,,,,,,,,,,,DRREDDY,,,,,,
Sales +,"2,250","2,881","3,193","3,397","3,519","3,721","3,804","3,986","4,115","4,179","4,256","4,393","4,263",EICHERMOT,,,,,,
Expenses +,"1,780","2,298","2,436","2,566","2,698","2,864","2,871","2,966","3,027","3,089","3,127","3,228","3,175",EICHERMOT,,,,,,
Operating Profit,470,582,757,831,822,857,934,"1,021","1,087","1,090","1,129","1,165","1,088",EICHERMOT,,,,,,
OPM %,21%,20%,24%,24%,23%,23%,25%,26%,26%,26%,27%,27%,26%,EICHERMOT,,,,,,
Other Income +,118,128,172,82,193,256,379,344,375,368,437,457,468,EICHERMOT,,,,,,
Interest,3,6,3,5,7,8,8,10,13,12,15,12,13,EICHERMOT,,,,,,
Depreciation,109,111,119,116,127,135,148,142,143,148,165,169,180,EICHERMOT,,,,,,
Profit before tax,476,593,806,792,880,971,"1,156","1,212","1,307","1,298","1,385","1,441","1,362",EICHERMOT,,,,,,
Tax %,22%,23%,24%,23%,25%,24%,22%,24%,22%,23%,23%,24%,19%,EICHERMOT,,,,,,
Net Profit +,373,456,610,611,657,741,906,918,"1,016",996,"1,070","1,101","1,100",EICHERMOT,,,,,,
EPS in Rs,13.65,16.68,22.31,22.33,24.02,27.09,33.11,33.58,37.12,36.38,39.10,40.20,40.15,EICHERMOT,,,,,,
Raw PDF,,,,,,,,,,,,,,EICHERMOT,,,,,,
Sales +,"22,567","24,402","28,811","28,042","27,486","28,638","33,462","31,065","30,221","31,965","37,727","33,861","33,563",GRASIM,,,,,,
Expenses +,"17,672","19,531","23,470","22,059","22,894","23,775","27,332","24,708","24,173","25,073","29,835","27,156","27,546",GRASIM,,,,,,
Operating Profit,"4,896","4,871","5,341","5,983","4,591","4,863","6,131","6,357","6,048","6,893","7,892","6,705","6,017",GRASIM,,,,,,
OPM %,22%,20%,19%,21%,17%,17%,18%,20%,20%,22%,21%,20%,18%,GRASIM,,,,,,
Other Income +,394,231,581,221,254,"2,972",308,296,285,256,-48,365,398,GRASIM,,,,,,
Interest,"1,176","1,146","1,188","1,246","1,373","1,608","1,816","2,032","2,226","2,433","2,586","2,725","2,951",GRASIM,,,,,,
Depreciation,"1,017","1,026","1,128","1,089","1,116","1,139","1,207","1,183","1,245","1,244","1,329","1,368","1,496",GRASIM,,,,,,
Profit before tax,"3,097","2,931","3,606","3,869","2,356","5,087","3,415","3,438","2,862","3,472","3,928","2,976","1,968",GRASIM,,,,,,
Tax %,34%,9%,-13%,29%,36%,12%,31%,25%,29%,25%,31%,24%,44%,GRASIM,,,,,,
Net Profit +,"2,032","2,655","4,070","2,759","1,509","4,455","2,356","2,576","2,024","2,603","2,722","2,268","1,100",GRASIM,,,,,,
EPS in Rs,19.98,25.66,40.82,28.42,14.83,36.97,20.12,23.17,17.10,22.25,20.80,18.34,5.92,GRASIM,,,,,,
Raw PDF,,,,,,,,,,,,,,GRASIM,,,,,,
Sales +,"38,591","31,298","35,047","23,183","43,917","41,206","44,634",,,,,,,HDFC,"16,600","29,954","34,083","39,259","35,738","30,991"
Expenses +,"27,228","19,562","22,373","10,997","29,749","26,127","27,719",,,,,,,HDFC,"5,414","18,715","22,219","27,172","24,212","19,875"
Operating Profit,"11,362","11,735","12,673","12,187","14,168","15,080","16,915",,,,,,,HDFC,"11,186","11,238","11,864","12,087","11,526","11,115"
OPM %,29%,38%,36%,53%,32%,37%,38%,,,,,,,HDFC,67%,38%,35%,31%,32%,36%
Other Income +,"2,189","2,470","2,461","2,195","2,965","3,064","2,999",,,,,,,HDFC,"1,650","1,607","1,650","1,769","1,933","1,891"
Interest,"6,684","6,995","6,925","7,688","8,762","9,932","10,464",,,,,,,HDFC,"7,800","7,942","7,518","6,954","6,666","6,624"
Depreciation,88,90,153,150,150,152,146,,,,,,,HDFC,84,86,89,91,89,87
Profit before tax,"6,779","7,121","8,056","6,544","8,221","8,061","9,305",,,,,,,HDFC,"4,951","4,816","5,906","6,811","6,704","6,295"
Tax %,16%,13%,14%,15%,14%,12%,14%,,,,,,,HDFC,12%,16%,15%,16%,15%,16%
Net Profit +,"5,670","6,169","6,892","5,574","7,043","7,078","8,005",,,,,,,HDFC,"4,342","4,059","5,035","5,724","5,669","5,311"
EPS in Rs,29.08,32.23,35.62,29.26,36.06,36.54,41.55,,,,,,,HDFC,23.76,20.83,25.61,28.76,29.66,27.92
Raw PDF,,,,,,,,,,,,,,HDFC,,,,,,
Revenue,"33,520","34,588","35,574","37,274","40,930","45,002","47,548","51,168","75,039","78,008","79,434","81,546","83,002",HDFCBANK,,,,,,
Interest,"14,415","14,724","15,227","16,358","18,311","20,505","22,606","25,955","41,250","43,242","43,692","44,580","45,414",HDFCBANK,,,,,,
Expenses +,"14,698","14,423","15,044","15,021","15,915","16,682","17,770","18,470","45,349","50,530","62,938","49,690","52,074",HDFCBANK,,,,,,
Financing Profit,"4,408","5,441","5,304","5,895","6,704","7,815","7,172","6,744","-11,560","-15,764","-27,196","-12,723","-14,487",HDFCBANK,,,,,,
Financing Margin %,13%,16%,15%,16%,16%,17%,15%,13%,-15%,-20%,-34%,-16%,-17%,HDFCBANK,,,,,,
Other Income +,"7,916","8,777","8,386","6,929","8,252","9,121","9,610","9,853","32,528","37,007","44,958","35,450","38,455",HDFCBANK,,,,,,
Depreciation,0,0,0,0,0,0,0,0,0,0,0,0,0,HDFCBANK,,,,,,
Profit before tax,"12,324","14,218","13,690","12,823","14,956","16,936","16,783","16,597","20,967","21,243","17,761","22,727","23,968",HDFCBANK,,,,,,
Tax %,26%,25%,23%,25%,25%,25%,25%,25%,17%,17%,-1%,24%,22%,HDFCBANK,,,,,,
Net Profit +,"9,120","10,616","10,475","9,617","11,163","12,735","12,634","12,403","17,312","17,718","18,013","17,188","18,627",HDFCBANK,,,,,,
EPS in Rs,16.43,19.11,18.83,17.25,19.97,22.77,22.57,22.12,22.17,22.73,23.20,21.65,23.36,HDFCBANK,,,,,,
Gross NPA %,,,,,,,,,,,,,,HDFCBANK,,,,,,
Net NPA %,,,,,,,,,,,,,,HDFCBANK,,,,,,
Raw PDF,,,,,,,,,,,,,,HDFCBANK,,,,,,
Sales +,"8,539","8,013","7,497","8,448","9,158","8,118","8,434","8,851","9,533","9,788","9,617","10,211","10,483",HEROMOTOCO,,,,,,
Expenses +,"7,516","7,030","6,661","7,527","8,096","7,177","7,345","7,734","8,174","8,403","8,298","8,804","9,033",HEROMOTOCO,,,,,,
Operating Profit,"1,023",983,836,920,"1,062",942,"1,089","1,117","1,360","1,385","1,319","1,407","1,450",HEROMOTOCO,,,,,,
OPM %,12%,12%,11%,11%,12%,12%,13%,13%,14%,14%,14%,14%,14%,HEROMOTOCO,,,,,,
Other Income +,158,140,131,56,94,265,238,66,213,288,177,225,239,HEROMOTOCO,,,,,,
Interest,14,13,13,14,48,24,19,21,25,23,8,19,18,HEROMOTOCO,,,,,,
Depreciation,174,174,168,173,173,172,180,180,187,194,197,205,206,HEROMOTOCO,,,,,,
Profit before tax,993,936,786,789,936,"1,011","1,128",982,"1,360","1,456","1,292","1,408","1,464",HEROMOTOCO,,,,,,
Tax %,25%,25%,21%,26%,27%,29%,28%,29%,26%,25%,27%,27%,27%,HEROMOTOCO,,,,,,
Net Profit +,748,704,621,586,682,721,811,701,"1,007","1,091",943,"1,032","1,066",HEROMOTOCO,,,,,,
EPS in Rs,37.32,35.22,30.60,29.55,34.45,36.33,40.29,35.53,50.35,54.70,46.77,52.31,53.19,HEROMOTOCO,,,,,,
Raw PDF,,,,,,,,,,,,,,HEROMOTOCO,,,,,,
Sales +,"47,665","50,272","55,764","58,018","56,176","53,151","55,857","52,991","54,169","52,808","55,994","57,013","58,203",HINDALCO,,,,,,
Expenses +,"40,107","42,960","48,460","49,589","50,814","49,603","50,530","47,277","48,557","46,943","49,314","49,510","50,320",HINDALCO,,,,,,
Operating Profit,"7,558","7,312","7,304","8,429","5,362","3,548","5,327","5,714","5,612","5,865","6,680","7,503","7,883",HINDALCO,,,,,,
OPM %,16%,15%,13%,15%,10%,7%,10%,11%,10%,11%,12%,13%,14%,HINDALCO,,,,,,
Other Income +,405,436,34,255,330,368,354,381,496,281,362,96,561,HINDALCO,,,,,,
Interest,"1,291",852,805,847,879,934,986,992,"1,034",944,888,859,869,HINDALCO,,,,,,
Depreciation,"1,640","1,683","1,761","1,749","1,713","1,768","1,856","1,786","1,843","1,874","2,018","1,892","1,932",HINDALCO,,,,,,
Profit before tax,"5,032","5,213","4,772","6,088","3,100","1,214","2,839","3,317","3,231","3,328","4,136","4,848","5,643",HINDALCO,,,,,,
Tax %,32%,30%,19%,32%,29%,-12%,15%,26%,32%,30%,23%,37%,31%,HINDALCO,,,,,,
Net Profit +,"3,417","3,675","3,851","4,119","2,205","1,362","2,411","2,454","2,196","2,331","3,174","3,074","3,909",HINDALCO,,,,,,
EPS in Rs,15.21,16.35,17.14,18.33,9.81,6.06,10.73,10.92,9.77,10.37,14.12,13.68,17.39,HINDALCO,,,,,,
Raw PDF,,,,,,,,,,,,,,HINDALCO,,,,,,
Sales +,"13,046","13,439","13,767","14,624","15,144","15,597","15,215","15,496","15,623","15,567","15,210","15,707","15,926",HINDUNILVR,,,,,,
Expenses +,"9,820","10,030","10,466","11,222","11,665","11,903","11,643","11,832","11,828","11,902","11,675","11,965","12,139",HINDUNILVR,,,,,,
Operating Profit,"3,226","3,409","3,301","3,402","3,479","3,694","3,572","3,664","3,795","3,665","3,535","3,742","3,787",HINDUNILVR,,,,,,
OPM %,25%,25%,24%,23%,23%,24%,23%,24%,24%,24%,23%,24%,24%,HINDUNILVR,,,,,,
Other Income +,51,-7,136,121,80,7,240,146,178,184,309,209,203,HINDUNILVR,,,,,,
Interest,28,27,38,28,28,29,29,50,88,91,105,93,110,HINDUNILVR,,,,,,
Depreciation,281,272,278,281,272,293,291,286,297,313,320,329,338,HINDUNILVR,,,,,,
Profit before tax,"2,968","3,103","3,121","3,214","3,259","3,379","3,492","3,474","3,588","3,445","3,419","3,529","3,542",HINDUNILVR,,,,,,
Tax %,26%,26%,26%,26%,18%,27%,26%,26%,26%,27%,25%,26%,27%,HINDUNILVR,,,,,,
Net Profit +,"2,185","2,300","2,307","2,391","2,670","2,481","2,601","2,556","2,657","2,508","2,561","2,612","2,595",HINDUNILVR,,,,,,
EPS in Rs,9.28,9.78,9.81,10.13,11.34,10.53,11.07,10.87,11.30,10.68,10.89,11.11,11.03,HINDUNILVR,,,,,,
Raw PDF,,,,,,,,,,,,,,HINDUNILVR,,,,,,
Revenue,"23,478","24,314","24,999","26,159","28,850","31,619","34,439","37,106","38,938","40,865","42,607","44,582","46,326",ICICIBANK,,,,,,
Interest,"10,093","10,372","10,634","11,089","11,997","12,978","14,479","16,368","17,908","19,409","20,424","21,122","22,225",ICICIBANK,,,,,,
Expenses +,"21,041","20,470","21,775","18,137","22,336","22,946","25,959","21,402","24,560","24,929","30,604","29,387","32,221",ICICIBANK,,,,,,
Financing Profit,"-7,656","-6,528","-7,410","-3,068","-5,483","-4,305","-6,000",-663,"-3,530","-3,473","-8,421","-5,927","-8,120",ICICIBANK,,,,,,
Financing Margin %,-33%,-27%,-30%,-12%,-19%,-14%,-17%,-2%,-9%,-8%,-20%,-13%,-18%,ICICIBANK,,,,,,
Other Income +,"16,261","15,745","18,013","13,271","16,634","16,470","19,735","15,229","18,690","18,874","24,802","22,745","26,662",ICICIBANK,,,,,,
Depreciation,0,0,0,0,0,0,0,0,0,0,0,0,0,ICICIBANK,,,,,,
Profit before tax,"8,606","9,216","10,604","10,203","11,151","12,165","13,735","14,566","15,160","15,402","16,381","16,818","18,542",ICICIBANK,,,,,,
Tax %,24%,24%,24%,25%,25%,25%,25%,24%,25%,25%,26%,26%,25%,ICICIBANK,,,,,,
Net Profit +,"6,571","6,960","8,089","7,698","8,361","9,166","10,236","11,014","11,351","11,515","12,200","12,463","13,906",ICICIBANK,,,,,,
EPS in Rs,8.78,9.41,11.11,10.62,11.49,12.60,14.11,15.20,15.56,15.76,16.62,16.62,18.38,ICICIBANK,,,,,,
Gross NPA %,,,,,,,,,,,,,,ICICIBANK,,,,,,
Net NPA %,,,,,,,,,,,,,,ICICIBANK,,,,,,
Raw PDF,,,,,,,,,,,,,,ICICIBANK,,,,,,
Sales +,"13,757","17,108","16,556","18,489","17,108","17,705","17,635","17,164","17,774","18,019","17,923","18,457","20,736",ITC,,,,,,
Expenses +,"8,740","11,510","10,956","12,412","10,849","11,000","11,011","10,494","11,320","11,516","11,296","11,709","13,974",ITC,,,,,,
Operating Profit,"5,018","5,598","5,599","6,077","6,259","6,705","6,624","6,670","6,454","6,504","6,626","6,748","6,762",ITC,,,,,,
OPM %,36%,33%,34%,33%,37%,38%,38%,39%,36%,36%,37%,37%,33%,ITC,,,,,,
Other Income +,469,422,499,321,455,595,683,722,674,651,682,699,623,ITC,,,,,,
Interest,10,10,11,9,13,9,12,10,10,14,13,11,16,ITC,,,,,,
Depreciation,422,430,467,438,462,447,461,442,453,459,461,499,520,ITC,,,,,,
Profit before tax,"5,055","5,580","5,620","5,950","6,239","6,844","6,833","6,940","6,665","6,682","6,834","6,938","6,848",ITC,,,,,,
Tax %,26%,26%,24%,25%,25%,26%,24%,25%,26%,19%,24%,25%,26%,ITC,,,,,,
Net Profit +,"3,766","4,127","4,266","4,472","4,682","5,080","5,243","5,190","4,965","5,407","5,191","5,177","5,054",ITC,,,,,,
EPS in Rs,3.01,3.29,3.40,3.56,3.73,4.03,4.16,4.10,3.93,4.28,4.10,4.08,3.99,ITC,,,,,,
Raw PDF,,,,,,,,,,,,,,ITC,,,,,,
Sales +,"32,503","38,071","46,895","38,086","41,778","39,134","46,962","42,213","44,584","41,940","46,269","42,943","39,684",JSWSTEEL,,,,,,
Expenses +,"22,086","28,939","37,742","33,794","40,082","34,643","39,031","35,201","36,722","34,776","40,243","37,445","34,309",JSWSTEEL,,,,,,
Operating Profit,"10,417","9,132","9,153","4,292","1,696","4,491","7,931","7,012","7,862","7,164","6,026","5,498","5,375",JSWSTEEL,,,,,,
OPM %,32%,24%,20%,11%,4%,11%,17%,17%,18%,17%,13%,13%,14%,JSWSTEEL,,,,,,
Other Income +,"1,549",176,-508,189,779,188,465,331,826,194,242,164,-189,JSWSTEEL,,,,,,
Interest,936,"1,283","1,756","1,422","1,523","1,819","2,138","1,963","2,084","1,996","2,062","2,073","2,130",JSWSTEEL,,,,,,
Depreciation,"1,239","1,764","1,815","1,778","1,805","1,882","2,009","1,900","2,019","2,059","2,194","2,209","2,267",JSWSTEEL,,,,,,
Profit before tax,"9,791","6,261","5,074","1,281",-853,978,"4,249","3,480","4,585","3,303","2,012","1,380",789,JSWSTEEL,,,,,,
Tax %,27%,28%,34%,34%,7%,52%,12%,30%,40%,26%,34%,37%,49%,JSWSTEEL,,,,,,
Net Profit +,"7,179","4,516","3,343",839,-915,474,"3,741","2,428","2,773","2,450","1,322",867,404,JSWSTEEL,,,,,,
EPS in Rs,29.66,18.02,13.38,3.47,-3.51,2.03,15.16,9.67,11.29,9.88,5.31,3.46,1.80,JSWSTEEL,,,,,,
Raw PDF,,,,,,,,,,,,,,JSWSTEEL,,,,,,
Revenue,"8,233","8,626","8,838","9,164","9,994","11,011","11,982","12,869","13,717","14,495","15,156","15,837","16,427",KOTAKBANK,,,,,,
Interest,"2,880","2,919","2,904","3,004","3,375","3,802","4,230","4,834","5,536","5,985","6,212","6,805","7,139",KOTAKBANK,,,,,,
Expenses +,"8,532","6,839","8,555","4,879","9,313","9,345","10,548","10,303","10,136","12,484","14,920","12,263","13,094",KOTAKBANK,,,,,,
Financing Profit,"-3,179","-1,132","-2,620","1,281","-2,694","-2,136","-2,796","-2,269","-1,955","-3,975","-5,976","-3,231","-3,806",KOTAKBANK,,,,,,
Financing Margin %,-39%,-13%,-30%,14%,-27%,-19%,-23%,-18%,-14%,-27%,-39%,-20%,-23%,KOTAKBANK,,,,,,
Other Income +,"7,110","5,543","7,838","2,405","7,441","7,360","8,785","7,855","7,843","9,588","12,751","13,042","10,453",KOTAKBANK,,,,,,
Depreciation,-0,-0,131,-0,-0,-0,-0,-0,-0,-0,-0,-0,-0,KOTAKBANK,,,,,,
Profit before tax,"3,931","4,411","5,087","3,686","4,747","5,224","5,989","5,586","5,888","5,614","6,775","9,811","6,647",KOTAKBANK,,,,,,
Tax %,25%,24%,24%,26%,25%,24%,24%,26%,25%,25%,23%,25%,25%,KOTAKBANK,,,,,,
Net Profit +,"2,989","3,403","3,892","2,755","3,608","3,995","4,566","4,150","4,461","4,265","5,337","7,448","5,044",KOTAKBANK,,,,,,
EPS in Rs,15.07,17.15,19.61,13.88,18.17,20.12,22.99,20.88,22.45,21.46,26.85,37.47,25.37,KOTAKBANK,,,,,,
Gross NPA %,3.16%,2.75%,2.37%,2.27%,2.09%,1.91%,1.76%,1.75%,1.69%,1.68%,1.38%,1.39%,1.48%,KOTAKBANK,,,,,,
Net NPA %,1.09%,0.87%,0.71%,0.69%,0.60%,0.48%,0.41%,0.43%,0.39%,0.36%,0.36%,0.38%,0.45%,KOTAKBANK,,,,,,
Raw PDF,,,,,,,,,,,,,,KOTAKBANK,,,,,,
Sales +,"4,091","4,161","3,883","3,744","4,146","4,322","4,430","4,814","5,039","5,197","4,961","5,600","5,673",LUPIN,,,,,,
Expenses +,"5,415","3,791","3,615","3,512","3,693","3,790","3,852","3,958","4,121","4,159","3,964","4,359","4,332",LUPIN,,,,,,
Operating Profit,"-1,324",370,268,232,453,533,578,856,918,"1,038",997,"1,241","1,340",LUPIN,,,,,,
OPM %,-32%,9%,7%,6%,11%,12%,13%,18%,18%,20%,20%,22%,24%,LUPIN,,,,,,
Other Income +,73,34,16,6,15,18,37,23,40,29,29,68,42,LUPIN,,,,,,
Interest,34,33,41,43,55,84,93,86,81,74,71,68,71,LUPIN,,,,,,
Depreciation,919,203,327,193,203,220,264,235,248,257,457,248,257,LUPIN,,,,,,
Profit before tax,"-2,205",167,-85,2,210,246,258,559,630,736,498,993,"1,055",LUPIN,,,,,,
Tax %,-5%,-229%,502%,"3,925%",36%,36%,6%,19%,21%,16%,26%,19%,19%,LUPIN,,,,,,
Net Profit +,"-2,095",549,-512,-87,134,158,242,453,495,619,368,806,859,LUPIN,,,,,,
EPS in Rs,-46.21,12.01,-11.40,-1.96,2.85,3.37,5.19,9.94,10.76,13.47,7.89,17.58,18.69,LUPIN,,,,,,
Raw PDF,,,,,,,,,,,,,,LUPIN,,,,,,
Sales +,"20,551","23,253","26,749","26,512","29,942","29,251","32,214","32,535","37,339","33,513","38,471","35,779","37,449",MARUTI,,,,,,
Expenses +,"19,694","21,691","24,320","24,597","27,172","25,878","28,320","29,015","32,028","29,073","33,250","30,673","32,450",MARUTI,,,,,,
Operating Profit,857,"1,562","2,429","1,915","2,771","3,373","3,894","3,520","5,312","4,440","5,221","5,107","4,999",MARUTI,,,,,,
OPM %,4%,7%,9%,7%,9%,12%,12%,11%,14%,13%,14%,14%,13%,MARUTI,,,,,,
Other Income +,532,355,514,112,662,893,850,"1,110",958,"1,053","1,261","1,118","1,570",MARUTI,,,,,,
Interest,23,25,56,28,31,30,164,46,35,36,76,57,43,MARUTI,,,,,,
Depreciation,757,641,648,652,723,"1,209","1,240","1,314","1,342","1,302","1,298","1,332","1,386",MARUTI,,,,,,
Profit before tax,610,"1,252","2,239","1,347","2,679","3,027","3,341","3,269","4,892","4,156","5,108","4,836","5,141",MARUTI,,,,,,
Tax %,20%,17%,16%,23%,21%,21%,20%,22%,23%,23%,23%,22%,40%,MARUTI,,,,,,
Net Profit +,487,"1,042","1,876","1,036","2,112","2,406","2,688","2,543","3,786","3,207","3,952","3,760","3,102",MARUTI,,,,,,
EPS in Rs,16.12,34.49,62.10,34.30,69.93,79.65,88.97,84.18,125.34,102.00,125.71,119.58,98.68,MARUTI,,,,,,
Raw PDF,,,,,,,,,,,,,,MARUTI,,,,,,
Sales +,"21,470","23,594","25,934","28,414","29,870","30,621","32,456","33,892","34,436","35,299","35,452","37,218","37,924",M&M,,,,,,
Expenses +,"16,578","19,068","21,657","24,016","24,802","25,368","26,798","27,642","28,706","29,075","28,848","29,975","30,790",M&M,,,,,,
Operating Profit,"4,892","4,526","4,278","4,399","5,068","5,254","5,658","6,249","5,730","6,224","6,604","7,243","7,133",M&M,,,,,,
OPM %,23%,19%,16%,15%,17%,17%,17%,18%,17%,18%,19%,19%,19%,M&M,,,,,,
Other Income +,690,815,"1,135",675,"1,348","1,184",662,"1,065",812,756,750,733,"1,126",M&M,,,,,,
Interest,"1,285","1,211","1,222","1,219","1,382","1,596","1,634","1,719","1,835","1,945","1,989","2,108","2,217",M&M,,,,,,
Depreciation,852,919,935,960,"1,092","1,110","1,194","1,128","1,139","1,123","1,335","1,248","1,302",M&M,,,,,,
Profit before tax,"3,445","3,211","3,256","2,894","3,943","3,732","3,492","4,468","3,568","3,912","4,030","4,621","4,740",M&M,,,,,,
Tax %,28%,23%,20%,18%,23%,20%,14%,18%,30%,24%,22%,23%,29%,M&M,,,,,,
Net Profit +,"2,491","2,485","2,608","2,361","3,021","2,994","2,998","3,684","2,484","2,977","3,125","3,546","3,361",M&M,,,,,,
EPS in Rs,15.51,15.99,18.00,17.66,22.30,21.53,21.20,28.21,18.88,21.38,22.15,26.40,25.50,M&M,,,,,,
Raw PDF,,,,,,,,,,,,,,M&M,,,,,,
Sales +,,,,,,,,,,,,"4,814","5,104",NESTLEIND,,,,,,
Expenses +,,,,,,,,,,,,"3,700","3,940",NESTLEIND,,,,,,
Operating Profit,,,,,,,,,,,,"1,114","1,164",NESTLEIND,,,,,,
OPM %,,,,,,,,,,,,23%,23%,NESTLEIND,,,,,,
Other Income +,,,,,,,,,,,,39,190,NESTLEIND,,,,,,
Interest,,,,,,,,,,,,32,32,NESTLEIND,,,,,,
Depreciation,,,,,,,,,,,,113,122,NESTLEIND,,,,,,
Profit before tax,,,,,,,,,,,,"1,009","1,200",NESTLEIND,,,,,,
Tax %,,,,,,,,,,,,26%,25%,NESTLEIND,,,,,,
Net Profit +,,,,,,,,,,,,747,899,NESTLEIND,,,,,,
EPS in Rs,,,,,,,,,,,,7.74,9.33,NESTLEIND,,,,,,
Raw PDF,,,,,,,,,,,,,,NESTLEIND,,,,,,
Sales +,"32,404","33,293","37,085","43,177","44,175","44,602","44,253","43,075","44,983","42,820","47,622","48,521","44,696",NTPC,,,,,,
Expenses +,"23,423","22,319","25,659","32,381","33,808","31,783","32,311","30,664","32,303","31,458","33,638","35,091","33,041",NTPC,,,,,,
Operating Profit,"8,980","10,974","11,426","10,796","10,367","12,819","11,942","12,411","12,680","11,362","13,984","13,429","11,655",NTPC,,,,,,
OPM %,28%,33%,31%,25%,23%,29%,27%,29%,28%,27%,29%,28%,26%,NTPC,,,,,,
Other Income +,"1,518",799,"1,027",730,"1,380",747,"1,084",994,"1,024","2,532","1,406","1,195","3,227",NTPC,,,,,,
Interest,"2,212","2,232","2,408","2,477","2,652","3,168","2,860","2,922","2,921","3,250","2,955","3,136","3,621",NTPC,,,,,,
Depreciation,"3,314","3,452","3,821","3,542","3,687","3,715","3,848","3,821","4,038","4,074","4,271","4,204","4,216",NTPC,,,,,,
Profit before tax,"4,972","6,089","6,224","5,508","5,408","6,683","6,318","6,661","6,746","6,571","8,164","7,284","7,046",NTPC,,,,,,
Tax %,26%,24%,16%,28%,37%,27%,23%,26%,30%,21%,20%,24%,24%,NTPC,,,,,,
Net Profit +,"3,691","4,626","5,200","3,978","3,418","4,854","4,872","4,907","4,726","5,209","6,490","5,506","5,380",NTPC,,,,,,
EPS in Rs,3.71,4.64,5.33,4.06,3.44,4.93,5.01,5.03,4.76,5.32,6.36,5.65,5.44,NTPC,,,,,,
Raw PDF,,,,,,,,,,,,,,NTPC,,,,,,
Sales +,"122,066","145,673","155,949","182,894","168,656","169,213","164,067","163,824","147,614","165,569","166,771","168,025","158,329",ONGC,,,,,,
Expenses +,"104,270","124,306","131,900","164,041","155,311","147,346","143,527","133,029","119,534","145,046","143,545","146,398","137,834",ONGC,,,,,,
Operating Profit,"17,796","21,367","24,049","18,853","13,346","21,867","20,539","30,795","28,080","20,523","23,225","21,627","20,495",ONGC,,,,,,
OPM %,15%,15%,15%,10%,8%,13%,13%,19%,19%,12%,14%,13%,13%,ONGC,,,,,,
Other Income +,"1,913","2,882",607,"1,619","2,315","2,807","-4,786","3,069","3,673","4,130","2,549","3,615","4,163",ONGC,,,,,,
Interest,"1,377","1,388","1,491","1,640","1,993","2,188","2,068","2,364","3,243","2,544","2,683","3,616","3,749",ONGC,,,,,,
Depreciation,"6,230","6,850","7,380","6,611","4,443","6,784","6,744","7,078","7,079","7,118","7,863","8,456","8,209",ONGC,,,,,,
Profit before tax,"12,102","16,011","15,784","12,221","9,224","15,702","6,941","24,422","21,431","14,992","15,228","13,170","12,700",ONGC,,,,,,
Tax %,-55%,27%,24%,30%,26%,26%,7%,27%,25%,26%,24%,26%,22%,ONGC,,,,,,
Net Profit +,"18,749","11,637","12,061","8,581","6,830","11,665","6,478","17,893","16,171","11,104","11,527","9,810","9,878",ONGC,,,,,,
EPS in Rs,14.35,8.69,8.39,9.49,6.60,9.13,3.57,11.64,10.89,8.52,8.03,7.96,8.17,ONGC,,,,,,
Raw PDF,,,,,,,,,,,,,,ONGC,,,,,,
Sales +,"10,267","10,447","10,687","10,905","11,151","11,262","12,264","11,048","11,267","11,550","11,978","11,006","11,278",POWERGRID,,,,,,
Expenses +,"1,496","1,415","1,983","1,661","1,785","1,368","1,433","1,716","1,557","1,375","2,055","1,466","1,681",POWERGRID,,,,,,
Operating Profit,"8,771","9,032","8,704","9,245","9,366","9,893","10,831","9,332","9,710","10,175","9,923","9,540","9,597",POWERGRID,,,,,,
OPM %,85%,86%,81%,85%,84%,88%,88%,84%,86%,88%,83%,87%,85%,POWERGRID,,,,,,
Other Income +,276,277,737,342,199,500,294,209,263,380,389,302,814,POWERGRID,,,,,,
Interest,"1,885","1,845","2,091","1,960","2,187","3,012","2,475","2,057","2,341","2,446","1,928","2,039","2,441",POWERGRID,,,,,,
Depreciation,"3,195","3,286","3,279","3,295","3,317","3,407","3,314","3,266","3,277","3,293","3,259","3,200","3,292",POWERGRID,,,,,,
Profit before tax,"3,968","4,178","4,071","4,331","4,060","3,975","5,335","4,218","4,355","4,816","5,125","4,603","4,678",POWERGRID,,,,,,
Tax %,15%,21%,-2%,12%,10%,8%,19%,15%,13%,16%,19%,19%,19%,POWERGRID,,,,,,
Net Profit +,"3,376","3,293","4,156","3,801","3,650","3,645","4,323","3,597","3,781","4,028","4,166","3,724","3,793",POWERGRID,,,,,,
EPS in Rs,3.63,3.54,4.47,4.09,3.92,3.92,4.65,3.87,4.07,4.33,4.48,4.00,4.08,POWERGRID,,,,,,
Raw PDF,,,,,,,,,,,,,,POWERGRID,,,,,,
Sales +,"167,611","185,027","207,375","218,855","229,409","216,737","212,834","207,559","231,886","225,086","236,533","231,784","231,535",RELIANCE,,,,,,
Expenses +,"141,591","155,321","176,009","181,157","198,438","181,728","174,478","169,466","190,918","184,430","194,017","193,019","192,477",RELIANCE,,,,,,
Operating Profit,"26,020","29,706","31,366","37,698","30,971","35,009","38,356","38,093","40,968","40,656","42,516","38,765","39,058",RELIANCE,,,,,,
OPM %,16%,16%,15%,17%,14%,16%,18%,18%,18%,18%,18%,17%,17%,RELIANCE,,,,,,
Other Income +,"4,263","7,016","2,602","2,275","3,656","3,377","2,996","3,813","3,841","4,022","4,534","3,983","4,876",RELIANCE,,,,,,
Interest,"3,819","3,812","3,556","3,997","4,554","5,201","5,819","5,837","5,731","5,789","5,761","5,918","6,017",RELIANCE,,,,,,
Depreciation,"7,230","7,683","8,001","8,942","9,726","10,183","11,452","11,775","12,585","12,903","13,569","13,596","12,880",RELIANCE,,,,,,
Profit before tax,"19,234","25,227","22,411","27,034","20,347","23,002","24,081","24,294","26,493","25,986","27,720","23,234","25,037",RELIANCE,,,,,,
Tax %,20%,19%,20%,28%,24%,23%,11%,25%,25%,24%,24%,25%,24%,RELIANCE,,,,,,
Net Profit +,"15,479","20,539","18,021","19,443","15,512","17,806","21,327","18,258","19,878","19,641","21,243","17,445","19,323",RELIANCE,,,,,,
EPS in Rs,10.79,13.71,11.98,13.27,10.09,11.67,14.26,11.83,12.85,12.76,14.01,11.19,12.24,RELIANCE,,,,,,
Raw PDF,,,,,,,,,,,,,,RELIANCE,,,,,,
Revenue,"73,029","73,376","74,608","76,781","84,463","91,518","98,083","101,460","107,391","112,868","117,469","118,242","121,045",SBIN,,,,,,
Interest,"38,638","39,363","39,944","41,931","45,232","49,366","53,451","58,045","62,955","68,092","70,644","71,701","73,619",SBIN,,,,,,
Expenses +,"42,676","52,015","54,233","42,328","49,208","56,498","59,965","49,080","59,365","62,635","65,418","53,996","62,709",SBIN,,,,,,
Financing Profit,"-8,285","-18,002","-19,569","-7,478","-9,977","-14,346","-15,334","-5,665","-14,930","-17,858","-18,593","-7,455","-15,283",SBIN,,,,,,
Financing Margin %,-11%,-25%,-26%,-10%,-12%,-16%,-16%,-6%,-14%,-16%,-16%,-6%,-13%,SBIN,,,,,,
Other Income +,"20,696","31,152","33,427","17,743","30,320","35,701","38,769","30,873","36,865","33,103","47,445","33,883","42,758",SBIN,,,,,,
Depreciation,0,0,0,0,0,0,0,0,0,0,0,0,0,SBIN,,,,,,
Profit before tax,"12,411","13,150","13,858","10,265","20,342","21,355","23,436","25,208","21,936","15,245","28,852","26,428","27,474",SBIN,,,,,,
Tax %,26%,26%,28%,27%,26%,27%,22%,26%,25%,26%,25%,26%,26%,SBIN,,,,,,
Net Profit +,"9,342","9,948","10,191","7,796","15,297","15,888","18,769","19,094","16,648","11,598","22,203","20,094","20,565",SBIN,,,,,,
EPS in Rs,9.96,10.71,10.70,8.21,16.53,17.34,20.27,20.77,18.04,12.40,23.96,21.65,22.17,SBIN,,,,,,
Gross NPA %,,,,,,,,,2.53%,,,,2.13%,SBIN,,,,,,
Net NPA %,,,,,,,,,0.63%,,,,0.52%,SBIN,,,,,,
Raw PDF,,,,,,,,,,,,,,SBIN,,,,,,
Sales +,"3,373","3,637","4,364","4,415","4,038","4,299","5,100","5,036","4,774","5,223","5,401","5,124","4,054",SHREECEM,,,,,,
Expenses +,"2,452","2,792","3,445","3,614","3,495","3,573","4,211","4,091","3,888","3,959","3,979","4,197","3,441",SHREECEM,,,,,,
Operating Profit,921,845,919,801,543,727,889,945,886,"1,264","1,422",927,613,SHREECEM,,,,,,
OPM %,27%,23%,21%,18%,13%,17%,17%,19%,19%,24%,26%,18%,15%,SHREECEM,,,,,,
Other Income +,154,114,137,-20,159,174,146,169,132,147,150,139,181,SHREECEM,,,,,,
Interest,56,54,52,55,66,70,71,74,67,55,62,56,56,SHREECEM,,,,,,
Depreciation,290,285,297,350,396,443,473,339,412,444,702,704,716,SHREECEM,,,,,,
Profit before tax,729,620,707,376,240,388,491,700,539,913,807,306,23,SHREECEM,,,,,,
Tax %,23%,22%,7%,26%,24%,27%,-7%,18%,17%,23%,16%,9%,-229%,SHREECEM,,,,,,
Net Profit +,564,483,659,279,183,282,525,572,447,702,676,278,77,SHREECEM,,,,,,
EPS in Rs,155.99,133.58,182.16,77.47,50.82,78.18,145.72,158.62,123.79,194.53,187.05,77.22,21.19,SHREECEM,,,,,,
Raw PDF,,,,,,,,,,,,,,SHREECEM,,,,,,
Sales +,"9,626","9,863","9,447","10,762","10,952","11,241","10,931","11,941","12,192","12,381","11,983","12,653","13,291",SUNPHARMA,,,,,,
Expenses +,"6,996","7,257","7,106","7,877","7,996","8,237","8,129","8,609","9,013","8,904","8,948","9,045","9,352",SUNPHARMA,,,,,,
Operating Profit,"2,630","2,606","2,340","2,884","2,957","3,004","2,802","3,332","3,179","3,477","3,035","3,608","3,939",SUNPHARMA,,,,,,
OPM %,27%,26%,25%,27%,27%,27%,26%,28%,26%,28%,25%,29%,30%,SUNPHARMA,,,,,,
Other Income +,223,433,"-3,822",2,85,174,202,-118,294,180,504,533,354,SUNPHARMA,,,,,,
Interest,36,19,37,14,19,46,93,81,49,35,74,62,69,SUNPHARMA,,,,,,
Depreciation,530,554,556,588,610,660,672,651,633,622,650,655,626,SUNPHARMA,,,,,,
Profit before tax,"2,287","2,466","-2,076","2,285","2,412","2,471","2,240","2,481","2,791","3,000","2,816","3,424","3,598",SUNPHARMA,,,,,,
Tax %,9%,14%,7%,8%,6%,11%,10%,19%,14%,14%,5%,16%,16%,SUNPHARMA,,,,,,
Net Profit +,"2,086","2,126","-2,227","2,093","2,256","2,181","1,983","2,006","2,385","2,561","2,659","2,861","3,037",SUNPHARMA,,,,,,
EPS in Rs,8.53,8.58,-9.49,8.59,9.43,9.03,8.27,8.43,9.90,10.52,11.06,11.82,12.67,SUNPHARMA,,,,,,
Raw PDF,,,,,,,,,,,,,,SUNPHARMA,,,,,,
Sales +,"3,033","3,208","3,175","3,327","3,363","3,475","3,619","3,741","3,734","3,804","3,927","4,352","4,214",TATACONSUM,,,,,,
Expenses +,"2,620","2,747","2,731","2,870","2,929","3,021","3,107","3,196","3,197","3,232","3,297","3,685","3,588",TATACONSUM,,,,,,
Operating Profit,413,462,444,457,434,454,512,545,537,572,630,667,626,TATACONSUM,,,,,,
OPM %,14%,14%,14%,14%,13%,13%,14%,15%,14%,15%,16%,15%,15%,TATACONSUM,,,,,,
Other Income +,23,12,29,11,141,128,49,53,75,-32,-177,22,19,TATACONSUM,,,,,,
Interest,20,16,16,16,20,24,28,26,28,33,43,94,99,TATACONSUM,,,,,,
Depreciation,69,70,72,73,73,75,83,82,94,86,116,148,149,TATACONSUM,,,,,,
Profit before tax,348,388,385,379,482,482,450,489,491,422,294,448,397,TATACONSUM,,,,,,
Tax %,25%,26%,25%,27%,26%,23%,23%,27%,27%,25%,9%,30%,10%,TATACONSUM,,,,,,
Net Profit +,286,290,239,277,389,364,290,338,364,302,212,289,367,TATACONSUM,,,,,,
EPS in Rs,2.80,2.77,2.27,2.67,3.43,3.65,2.78,3.28,3.51,2.89,2.19,2.93,3.68,TATACONSUM,,,,,,
Raw PDF,,,,,,,,,,,,,,TATACONSUM,,,,,,
Sales +,"61,379","72,229","78,439","71,935","79,611","88,489","105,932","102,236","105,129","110,577","119,986","108,048","101,450",TATAMOTORS,,,,,,
Expenses +,"57,262","65,151","70,156","69,522","74,039","77,668","92,818","89,019","91,362","95,159","102,851","92,263","89,291",TATAMOTORS,,,,,,
Operating Profit,"4,117","7,078","8,283","2,413","5,572","10,820","13,114","13,217","13,767","15,418","17,135","15,785","12,159",TATAMOTORS,,,,,,
OPM %,7%,10%,11%,3%,7%,12%,12%,13%,13%,14%,14%,15%,12%,TATAMOTORS,,,,,,
Other Income +,862,789,189,"2,381","1,351","1,130","1,453",895,"1,557","1,604","1,619","1,747","1,647",TATAMOTORS,,,,,,
Interest,"2,327","2,401","2,381","2,421","2,487","2,676","2,642","2,615","2,652","2,485","2,234","2,088","2,034",TATAMOTORS,,,,,,
Depreciation,"6,123","6,078","6,432","5,841","5,897","6,072","7,050","6,633","6,637","6,850","7,151","6,574","6,005",TATAMOTORS,,,,,,
Profit before tax,"-3,472",-612,-341,"-3,468","-1,461","3,203","4,875","4,864","6,035","7,687","9,369","8,870","5,767",TATAMOTORS,,,,,,
Tax %,29%,119%,222%,44%,-31%,8%,-13%,32%,36%,7%,-87%,36%,40%,TATAMOTORS,,,,,,
Net Profit +,"-4,416","-1,451",-992,"-4,951",-898,"3,043","5,496","3,301","3,832","7,145","17,529","5,692","3,450",TATAMOTORS,,,,,,
EPS in Rs,-13.38,-4.57,-3.11,-15.08,-2.84,8.91,16.28,9.64,11.33,21.14,52.37,16.74,9.08,TATAMOTORS,,,,,,
Raw PDF,,,,,,,,,,,,,,TATAMOTORS,,,,,,
Sales +,"9,810","10,913","11,960","14,495","14,031","14,129","12,454","15,213","15,738","14,651","15,847","17,294","15,698",TATAPOWER,,,,,,
Expenses +,"8,481","9,279","10,091","12,812","12,270","11,810","10,526","12,500","12,967","12,234","13,540","14,232","12,427",TATAPOWER,,,,,,
Operating Profit,"1,329","1,634","1,869","1,683","1,760","2,319","1,928","2,713","2,771","2,417","2,307","3,062","3,271",TATAPOWER,,,,,,
OPM %,14%,15%,16%,12%,13%,16%,15%,18%,18%,16%,15%,18%,21%,TATAPOWER,,,,,,
Other Income +,"1,026",865,62,"1,227","1,502","1,497","1,352",877,567,"1,092","1,407",578,632,TATAPOWER,,,,,,
Interest,946,953,"1,015","1,026","1,052","1,098","1,196","1,221","1,182","1,094","1,136","1,176","1,143",TATAPOWER,,,,,,
Depreciation,771,758,846,822,838,853,926,893,926,926,"1,041",973,987,TATAPOWER,,,,,,
Profit before tax,638,788,71,"1,062","1,373","1,864","1,158","1,476","1,231","1,489","1,537","1,490","1,773",TATAPOWER,,,,,,
Tax %,21%,30%,-794%,17%,32%,44%,19%,23%,17%,28%,32%,20%,38%,TATAPOWER,,,,,,
Net Profit +,506,552,632,884,935,"1,052",939,"1,141","1,017","1,076","1,046","1,189","1,093",TATAPOWER,,,,,,
EPS in Rs,1.32,1.33,1.57,2.49,2.56,2.96,2.43,3.04,2.74,2.98,2.80,3.04,2.90,TATAPOWER,,,,,,
Raw PDF,,,,,,,,,,,,,,TATAPOWER,,,,,,
Sales +,"46,867","48,885","50,591","52,758","55,309","58,229","59,162","59,381","59,692","60,583","61,237","62,613","64,259",TCS,,,,,,
Expenses +,"33,751","35,452","36,746","39,342","40,793","42,676","43,388","44,383","43,946","44,195","44,073","45,951","47,528",TCS,,,,,,
Operating Profit,"13,116","13,433","13,845","13,416","14,516","15,553","15,774","14,998","15,746","16,388","17,164","16,662","16,731",TCS,,,,,,
OPM %,28%,27%,27%,25%,26%,27%,27%,25%,26%,27%,28%,27%,26%,TCS,,,,,,
Other Income +,"1,111","1,205",981,789,965,520,"1,175","1,397","1,006",-96,"1,157",962,729,TCS,,,,,,
Interest,142,251,245,199,148,160,272,163,159,230,226,173,162,TCS,,,,,,
Depreciation,"1,116","1,196","1,217","1,230","1,237","1,269","1,286","1,243","1,263","1,233","1,246","1,220","1,266",TCS,,,,,,
Profit before tax,"12,969","13,191","13,364","12,776","14,096","14,644","15,391","14,989","15,330","14,829","16,849","16,231","16,032",TCS,,,,,,
Tax %,26%,26%,25%,25%,26%,26%,26%,26%,26%,25%,26%,25%,25%,TCS,,,,,,
Net Profit +,"9,653","9,806","9,959","9,519","10,465","10,883","11,436","11,120","11,380","11,097","12,502","12,105","11,955",TCS,,,,,,
EPS in Rs,26.02,26.41,27.13,25.90,28.51,29.64,31.13,30.26,31.00,30.56,34.37,33.28,32.92,TCS,,,,,,
Raw PDF,,,,,,,,,,,,,,TCS,,,,,,
Sales +,"10,881","11,451","12,116","12,708","13,130","13,735","13,718","13,159","12,864","13,101","12,871","13,006","13,313",TECHM,,,,,,
Expenses +,"8,887","9,392","10,028","10,828","11,185","11,600","11,915","11,821","11,950","11,955","11,772","11,441","11,563",TECHM,,,,,,
Operating Profit,"1,994","2,059","2,088","1,880","1,944","2,135","1,803","1,338",914,"1,146","1,099","1,564","1,750",TECHM,,,,,,
OPM %,18%,18%,17%,15%,15%,16%,13%,10%,7%,9%,9%,12%,13%,TECHM,,,,,,
Other Income +,282,223,324,122,290,247,306,200,264,92,380,147,522,TECHM,,,,,,
Interest,35,34,55,40,79,113,93,120,98,116,58,72,89,TECHM,,,,,,
Depreciation,343,362,484,477,492,498,490,447,466,443,461,462,470,TECHM,,,,,,
Profit before tax,"1,898","1,886","1,873","1,486","1,664","1,771","1,525",971,615,679,959,"1,178","1,714",TECHM,,,,,,
Tax %,29%,27%,18%,23%,22%,27%,26%,28%,18%,23%,31%,27%,27%,TECHM,,,,,,
Net Profit +,"1,341","1,378","1,545","1,148","1,299","1,285","1,125",704,505,524,664,865,"1,258",TECHM,,,,,,
EPS in Rs,13.81,14.10,15.49,11.64,13.21,13.32,11.47,7.10,5.06,5.23,6.77,8.71,12.78,TECHM,,,,,,
Raw PDF,,,,,,,,,,,,,,TECHM,,,,,,
Sales +,"7,493","10,037","7,796","9,443","9,163","11,609","10,360","11,897","12,529","14,164","12,494","13,266","14,534",TITAN,,,,,,
Expenses +,"6,525","8,595","7,002","8,247","7,916","10,262","9,271","10,772","11,118","12,599","11,303","12,019","13,298",TITAN,,,,,,
Operating Profit,968,"1,442",794,"1,196","1,247","1,347","1,089","1,125","1,411","1,565","1,191","1,247","1,236",TITAN,,,,,,
OPM %,13%,14%,10%,13%,14%,12%,11%,9%,11%,11%,10%,9%,8%,TITAN,,,,,,
Other Income +,55,57,22,44,61,90,114,114,125,136,159,120,123,TITAN,,,,,,
Interest,51,57,61,65,60,79,96,109,140,169,201,230,240,TITAN,,,,,,
Depreciation,104,98,102,103,106,113,119,128,144,154,158,164,171,TITAN,,,,,,
Profit before tax,868,"1,344",653,"1,072","1,142","1,245",988,"1,002","1,252","1,378",991,973,948,TITAN,,,,,,
Tax %,26%,25%,19%,26%,27%,27%,26%,25%,27%,24%,22%,27%,26%,TITAN,,,,,,
Net Profit +,641,"1,012",527,790,835,913,736,756,916,"1,053",771,715,704,TITAN,,,,,,
EPS in Rs,7.20,11.31,5.74,8.84,9.36,10.18,8.22,8.48,10.31,11.86,8.68,8.05,7.93,TITAN,,,,,,
Raw PDF,,,,,,,,,,,,,,TITAN,,,,,,
Sales +,"12,017","12,985","15,767","15,164","13,893","15,521","18,662","17,737","16,012","16,740","20,419","18,070","15,635",ULTRACEMCO,,,,,,
Expenses +,"9,302","10,566","12,695","12,069","12,028","13,185","15,340","14,688","13,461","13,485","16,305","15,030","13,618",ULTRACEMCO,,,,,,
Operating Profit,"2,715","2,419","3,073","3,095","1,865","2,336","3,322","3,049","2,551","3,255","4,114","3,039","2,017",ULTRACEMCO,,,,,,
OPM %,23%,19%,19%,20%,13%,15%,18%,17%,16%,19%,20%,17%,13%,ULTRACEMCO,,,,,,
Other Income +,140,71,253,110,146,130,123,177,171,146,73,201,221,ULTRACEMCO,,,,,,
Interest,230,182,206,216,200,215,191,211,234,262,261,256,317,ULTRACEMCO,,,,,,
Depreciation,677,674,703,695,708,723,762,749,798,783,815,843,904,ULTRACEMCO,,,,,,
Profit before tax,"1,947","1,634","2,416","2,293","1,103","1,527","2,492","2,267","1,690","2,355","3,111","2,142","1,017",ULTRACEMCO,,,,,,
Tax %,33%,-5%,-8%,31%,31%,30%,33%,25%,24%,25%,27%,21%,19%,ULTRACEMCO,,,,,,
Net Profit +,"1,310","1,710","2,614","1,582",759,"1,063","1,670","1,690","1,280","1,775","2,259","1,695",825,ULTRACEMCO,,,,,,
EPS in Rs,45.50,59.16,90.78,54.87,26.18,36.66,57.71,58.49,44.39,61.55,78.22,58.77,28.40,ULTRACEMCO,,,,,,
Raw PDF,,,,,,,,,,,,,,ULTRACEMCO,,,,,,
Sales +,"10,567","11,297","15,861","10,821","12,507","13,679","16,569","8,963","10,170","9,887","14,078","9,067","11,090",UPL,,,,,,
Expenses +,"8,636","8,853","12,481","8,675","10,090","10,795","13,847","7,747","9,049","9,820","12,230","7,998","9,873",UPL,,,,,,
Operating Profit,"1,931","2,444","3,380","2,146","2,417","2,884","2,722","1,216","1,121",67,"1,848","1,069","1,217",UPL,,,,,,
OPM %,18%,22%,21%,20%,19%,21%,16%,14%,11%,1%,13%,12%,11%,UPL,,,,,,
Other Income +,17,31,62,25,35,129,302,58,18,134,66,49,103,UPL,,,,,,
Interest,359,529,800,519,644,894,906,700,871,"1,191","1,090",913,"1,070",UPL,,,,,,
Depreciation,566,600,642,588,608,624,727,636,657,676,794,660,697,UPL,,,,,,
Profit before tax,"1,023","1,346","2,000","1,064","1,200","1,495","1,391",-62,-389,"-1,666",30,-455,-447,UPL,,,,,,
Tax %,24%,12%,13%,6%,19%,9%,22%,-265%,-25%,-4%,367%,16%,31%,UPL,,,,,,
Net Profit +,774,"1,179","1,735","1,005",969,"1,360","1,080",102,-293,"-1,607",-80,-527,-585,UPL,,,,,,
EPS in Rs,7.38,10.89,16.04,10.39,9.64,12.87,9.38,1.97,-2.24,-14.41,0.47,-4.55,-5.25,UPL,,,,,,
Raw PDF,,,,,,,,,,,,,,UPL,,,,,,
Sales +,"19,669","20,315","20,861","21,529","22,540","23,229","23,190","22,831","22,516","22,205","22,208","21,964","22,302",WIPRO,,,,,,
Expenses +,"15,500","16,134","16,724","17,671","18,608","18,690","18,671","18,627","18,546","18,007","17,828","17,614","17,798",WIPRO,,,,,,
Operating Profit,"4,169","4,181","4,136","3,858","3,932","4,539","4,519","4,204","3,970","4,198","4,381","4,350","4,503",WIPRO,,,,,,
OPM %,21%,21%,20%,18%,17%,20%,19%,18%,18%,19%,20%,20%,20%,WIPRO,,,,,,
Other Income +,505,484,502,472,512,649,632,640,740,598,653,730,962,WIPRO,,,,,,
Interest,146,140,172,204,227,290,286,309,303,312,331,329,357,WIPRO,,,,,,
Depreciation,772,746,734,774,797,923,847,738,897,932,840,729,831,WIPRO,,,,,,
Profit before tax,"3,756","3,779","3,732","3,352","3,420","3,975","4,018","3,798","3,509","3,552","3,862","4,022","4,278",WIPRO,,,,,,
Tax %,22%,21%,17%,24%,23%,23%,23%,24%,24%,24%,26%,24%,25%,WIPRO,,,,,,
Net Profit +,"2,931","2,972","3,092","2,559","2,649","3,065","3,094","2,886","2,667","2,701","2,858","3,037","3,227",WIPRO,,,,,,
EPS in Rs,2.67,2.71,2.82,2.34,2.42,2.78,2.80,2.61,2.53,2.58,2.71,2.87,3.07,WIPRO,,,,,,
Raw PDF,,,,,,,,,,,,,,WIPRO,,,,,,
